﻿{"cameraMode":{"drawMode":0,"name":"Shaded","section":"Shading Mode"},"sceneLighting":true,"audioPlay":false,"sceneViewState":{"showFog":true,"showMaterialUpdate":false,"showSkybox":true,"showFlares":true,"showImageEffects":true,"showParticleSystems":true},"in2DMode":false,"pivot":{"x":150.08602905273438,"y":-27.842042922973634,"z":157.40921020507813},"rotation":{"x":-0.20978222787380219,"y":0.6937631368637085,"z":-0.22330547869205476,"w":-0.6517812013626099},"size":203.52374267578126,"orthographic":false}