﻿{"cameraMode":{"drawMode":0,"name":"Shaded","section":"Shading Mode"},"sceneLighting":true,"audioPlay":false,"sceneViewState":{"showFog":true,"showMaterialUpdate":false,"showSkybox":true,"showFlares":true,"showImageEffects":true,"showParticleSystems":true},"in2DMode":false,"pivot":{"x":150.08602905273438,"y":-27.842042922973634,"z":157.40921020507813},"rotation":{"x":-0.2634945213794708,"y":0.6641181111335754,"z":-0.2713630199432373,"w":-0.6448875069618225},"size":289.4312744140625,"orthographic":false}